H005_102.fasta	Protein id	Contig id	Start	Stop	Strand	Element symbol	Element name	Scope	Type	Subtype	Class	Subclass	Method	Target length	Reference sequence length	% Coverage of reference	% Identity to reference	Alignment length	Closest reference accession	Closest reference name	HMM accession	HMM description
H005_118_hybrid.fasta	Protein id	Contig id	Start	Stop	Strand	Element symbol	Element name	Scope	Type	Subtype	Class	Subclass	Method	Target length	Reference sequence length	% Coverage of reference	% Identity to reference	Alignment length	Closest reference accession	Closest reference name	HMM accession	HMM description
H005_126.fasta	Protein id	Contig id	Start	Stop	Strand	Element symbol	Element name	Scope	Type	Subtype	Class	Subclass	Method	Target length	Reference sequence length	% Coverage of reference	% Identity to reference	Alignment length	Closest reference accession	Closest reference name	HMM accession	HMM description
H005_137.fasta	Protein id	Contig id	Start	Stop	Strand	Element symbol	Element name	Scope	Type	Subtype	Class	Subclass	Method	Target length	Reference sequence length	% Coverage of reference	% Identity to reference	Alignment length	Closest reference accession	Closest reference name	HMM accession	HMM description
H005_137.fasta	NA	NODE_40_length_22660_cov_35.423778	20214	20711	-	lnu(P)	lincosamide nucleotidyltransferase Lnu(P)	core	AMR	AMR	LINCOSAMIDE	LINCOSAMIDE	EXACTX	166	166	100.00	100.00	166	WP_022071788.1	lincosamide nucleotidyltransferase Lnu(P)	NA	NA
H005_73_hybrid.fasta	Protein id	Contig id	Start	Stop	Strand	Element symbol	Element name	Scope	Type	Subtype	Class	Subclass	Method	Target length	Reference sequence length	% Coverage of reference	% Identity to reference	Alignment length	Closest reference accession	Closest reference name	HMM accession	HMM description
H005_75.fasta	Protein id	Contig id	Start	Stop	Strand	Element symbol	Element name	Scope	Type	Subtype	Class	Subclass	Method	Target length	Reference sequence length	% Coverage of reference	% Identity to reference	Alignment length	Closest reference accession	Closest reference name	HMM accession	HMM description
H005_77.fasta	Protein id	Contig id	Start	Stop	Strand	Element symbol	Element name	Scope	Type	Subtype	Class	Subclass	Method	Target length	Reference sequence length	% Coverage of reference	% Identity to reference	Alignment length	Closest reference accession	Closest reference name	HMM accession	HMM description
H005_94.fasta	Protein id	Contig id	Start	Stop	Strand	Element symbol	Element name	Scope	Type	Subtype	Class	Subclass	Method	Target length	Reference sequence length	% Coverage of reference	% Identity to reference	Alignment length	Closest reference accession	Closest reference name	HMM accession	HMM description
H005_97.fasta	Protein id	Contig id	Start	Stop	Strand	Element symbol	Element name	Scope	Type	Subtype	Class	Subclass	Method	Target length	Reference sequence length	% Coverage of reference	% Identity to reference	Alignment length	Closest reference accession	Closest reference name	HMM accession	HMM description
H005_98_hybrid.fasta	Protein id	Contig id	Start	Stop	Strand	Element symbol	Element name	Scope	Type	Subtype	Class	Subclass	Method	Target length	Reference sequence length	% Coverage of reference	% Identity to reference	Alignment length	Closest reference accession	Closest reference name	HMM accession	HMM description
H007_145.fasta	Protein id	Contig id	Start	Stop	Strand	Element symbol	Element name	Scope	Type	Subtype	Class	Subclass	Method	Target length	Reference sequence length	% Coverage of reference	% Identity to reference	Alignment length	Closest reference accession	Closest reference name	HMM accession	HMM description
H007_146.fasta	Protein id	Contig id	Start	Stop	Strand	Element symbol	Element name	Scope	Type	Subtype	Class	Subclass	Method	Target length	Reference sequence length	% Coverage of reference	% Identity to reference	Alignment length	Closest reference accession	Closest reference name	HMM accession	HMM description
H007_146.fasta	NA	NODE_43_length_22660_cov_33.057471	1950	2447	+	lnu(P)	lincosamide nucleotidyltransferase Lnu(P)	core	AMR	AMR	LINCOSAMIDE	LINCOSAMIDE	EXACTX	166	166	100.00	100.00	166	WP_022071788.1	lincosamide nucleotidyltransferase Lnu(P)	NA	NA
H007_148.fasta	Protein id	Contig id	Start	Stop	Strand	Element symbol	Element name	Scope	Type	Subtype	Class	Subclass	Method	Target length	Reference sequence length	% Coverage of reference	% Identity to reference	Alignment length	Closest reference accession	Closest reference name	HMM accession	HMM description
H007_148.fasta	NA	NODE_43_length_22660_cov_29.905827	20214	20711	-	lnu(P)	lincosamide nucleotidyltransferase Lnu(P)	core	AMR	AMR	LINCOSAMIDE	LINCOSAMIDE	EXACTX	166	166	100.00	100.00	166	WP_022071788.1	lincosamide nucleotidyltransferase Lnu(P)	NA	NA
H007_154.fasta	Protein id	Contig id	Start	Stop	Strand	Element symbol	Element name	Scope	Type	Subtype	Class	Subclass	Method	Target length	Reference sequence length	% Coverage of reference	% Identity to reference	Alignment length	Closest reference accession	Closest reference name	HMM accession	HMM description
H007_154.fasta	NA	NODE_43_length_22660_cov_32.270359	20214	20711	-	lnu(P)	lincosamide nucleotidyltransferase Lnu(P)	core	AMR	AMR	LINCOSAMIDE	LINCOSAMIDE	EXACTX	166	166	100.00	100.00	166	WP_022071788.1	lincosamide nucleotidyltransferase Lnu(P)	NA	NA
H007_156.fasta	Protein id	Contig id	Start	Stop	Strand	Element symbol	Element name	Scope	Type	Subtype	Class	Subclass	Method	Target length	Reference sequence length	% Coverage of reference	% Identity to reference	Alignment length	Closest reference accession	Closest reference name	HMM accession	HMM description
H007_156.fasta	NA	NODE_40_length_25774_cov_37.628339	5064	5561	+	lnu(P)	lincosamide nucleotidyltransferase Lnu(P)	core	AMR	AMR	LINCOSAMIDE	LINCOSAMIDE	EXACTX	166	166	100.00	100.00	166	WP_022071788.1	lincosamide nucleotidyltransferase Lnu(P)	NA	NA
H007_157.fasta	Protein id	Contig id	Start	Stop	Strand	Element symbol	Element name	Scope	Type	Subtype	Class	Subclass	Method	Target length	Reference sequence length	% Coverage of reference	% Identity to reference	Alignment length	Closest reference accession	Closest reference name	HMM accession	HMM description
H007_157.fasta	NA	NODE_41_length_22660_cov_38.554076	1950	2447	+	lnu(P)	lincosamide nucleotidyltransferase Lnu(P)	core	AMR	AMR	LINCOSAMIDE	LINCOSAMIDE	EXACTX	166	166	100.00	100.00	166	WP_022071788.1	lincosamide nucleotidyltransferase Lnu(P)	NA	NA
H007_158.fasta	Protein id	Contig id	Start	Stop	Strand	Element symbol	Element name	Scope	Type	Subtype	Class	Subclass	Method	Target length	Reference sequence length	% Coverage of reference	% Identity to reference	Alignment length	Closest reference accession	Closest reference name	HMM accession	HMM description
H007_158.fasta	NA	NODE_42_length_22660_cov_27.216039	20214	20711	-	lnu(P)	lincosamide nucleotidyltransferase Lnu(P)	core	AMR	AMR	LINCOSAMIDE	LINCOSAMIDE	EXACTX	166	166	100.00	100.00	166	WP_022071788.1	lincosamide nucleotidyltransferase Lnu(P)	NA	NA
H007_162.fasta	Protein id	Contig id	Start	Stop	Strand	Element symbol	Element name	Scope	Type	Subtype	Class	Subclass	Method	Target length	Reference sequence length	% Coverage of reference	% Identity to reference	Alignment length	Closest reference accession	Closest reference name	HMM accession	HMM description
H007_162.fasta	NA	NODE_39_length_22660_cov_28.648160	20214	20711	-	lnu(P)	lincosamide nucleotidyltransferase Lnu(P)	core	AMR	AMR	LINCOSAMIDE	LINCOSAMIDE	EXACTX	166	166	100.00	100.00	166	WP_022071788.1	lincosamide nucleotidyltransferase Lnu(P)	NA	NA
H007_172.fasta	Protein id	Contig id	Start	Stop	Strand	Element symbol	Element name	Scope	Type	Subtype	Class	Subclass	Method	Target length	Reference sequence length	% Coverage of reference	% Identity to reference	Alignment length	Closest reference accession	Closest reference name	HMM accession	HMM description
H007_172.fasta	NA	NODE_44_length_22660_cov_33.221187	1950	2447	+	lnu(P)	lincosamide nucleotidyltransferase Lnu(P)	core	AMR	AMR	LINCOSAMIDE	LINCOSAMIDE	EXACTX	166	166	100.00	100.00	166	WP_022071788.1	lincosamide nucleotidyltransferase Lnu(P)	NA	NA
H007_176_hybrid.fasta	Protein id	Contig id	Start	Stop	Strand	Element symbol	Element name	Scope	Type	Subtype	Class	Subclass	Method	Target length	Reference sequence length	% Coverage of reference	% Identity to reference	Alignment length	Closest reference accession	Closest reference name	HMM accession	HMM description
H007_181.fasta	Protein id	Contig id	Start	Stop	Strand	Element symbol	Element name	Scope	Type	Subtype	Class	Subclass	Method	Target length	Reference sequence length	% Coverage of reference	% Identity to reference	Alignment length	Closest reference accession	Closest reference name	HMM accession	HMM description
H007_181.fasta	NA	NODE_41_length_22660_cov_28.570807	20214	20711	-	lnu(P)	lincosamide nucleotidyltransferase Lnu(P)	core	AMR	AMR	LINCOSAMIDE	LINCOSAMIDE	EXACTX	166	166	100.00	100.00	166	WP_022071788.1	lincosamide nucleotidyltransferase Lnu(P)	NA	NA
H007_183.fasta	Protein id	Contig id	Start	Stop	Strand	Element symbol	Element name	Scope	Type	Subtype	Class	Subclass	Method	Target length	Reference sequence length	% Coverage of reference	% Identity to reference	Alignment length	Closest reference accession	Closest reference name	HMM accession	HMM description
H007_183.fasta	NA	NODE_42_length_22660_cov_34.148582	1950	2447	+	lnu(P)	lincosamide nucleotidyltransferase Lnu(P)	core	AMR	AMR	LINCOSAMIDE	LINCOSAMIDE	EXACTX	166	166	100.00	100.00	166	WP_022071788.1	lincosamide nucleotidyltransferase Lnu(P)	NA	NA
H007_187.fasta	Protein id	Contig id	Start	Stop	Strand	Element symbol	Element name	Scope	Type	Subtype	Class	Subclass	Method	Target length	Reference sequence length	% Coverage of reference	% Identity to reference	Alignment length	Closest reference accession	Closest reference name	HMM accession	HMM description
H007_187.fasta	NA	NODE_41_length_22660_cov_43.178050	20214	20711	-	lnu(P)	lincosamide nucleotidyltransferase Lnu(P)	core	AMR	AMR	LINCOSAMIDE	LINCOSAMIDE	EXACTX	166	166	100.00	100.00	166	WP_022071788.1	lincosamide nucleotidyltransferase Lnu(P)	NA	NA
H007_188.fasta	Protein id	Contig id	Start	Stop	Strand	Element symbol	Element name	Scope	Type	Subtype	Class	Subclass	Method	Target length	Reference sequence length	% Coverage of reference	% Identity to reference	Alignment length	Closest reference accession	Closest reference name	HMM accession	HMM description
H007_188.fasta	NA	NODE_40_length_22660_cov_39.074335	20214	20711	-	lnu(P)	lincosamide nucleotidyltransferase Lnu(P)	core	AMR	AMR	LINCOSAMIDE	LINCOSAMIDE	EXACTX	166	166	100.00	100.00	166	WP_022071788.1	lincosamide nucleotidyltransferase Lnu(P)	NA	NA
H007_190.fasta	Protein id	Contig id	Start	Stop	Strand	Element symbol	Element name	Scope	Type	Subtype	Class	Subclass	Method	Target length	Reference sequence length	% Coverage of reference	% Identity to reference	Alignment length	Closest reference accession	Closest reference name	HMM accession	HMM description
H007_190.fasta	NA	NODE_42_length_22660_cov_33.995828	1950	2447	+	lnu(P)	lincosamide nucleotidyltransferase Lnu(P)	core	AMR	AMR	LINCOSAMIDE	LINCOSAMIDE	EXACTX	166	166	100.00	100.00	166	WP_022071788.1	lincosamide nucleotidyltransferase Lnu(P)	NA	NA
H007_194.fasta	Protein id	Contig id	Start	Stop	Strand	Element symbol	Element name	Scope	Type	Subtype	Class	Subclass	Method	Target length	Reference sequence length	% Coverage of reference	% Identity to reference	Alignment length	Closest reference accession	Closest reference name	HMM accession	HMM description
H007_194.fasta	NA	NODE_41_length_22660_cov_36.268717	20214	20711	-	lnu(P)	lincosamide nucleotidyltransferase Lnu(P)	core	AMR	AMR	LINCOSAMIDE	LINCOSAMIDE	EXACTX	166	166	100.00	100.00	166	WP_022071788.1	lincosamide nucleotidyltransferase Lnu(P)	NA	NA
H009_202.fasta	Protein id	Contig id	Start	Stop	Strand	Element symbol	Element name	Scope	Type	Subtype	Class	Subclass	Method	Target length	Reference sequence length	% Coverage of reference	% Identity to reference	Alignment length	Closest reference accession	Closest reference name	HMM accession	HMM description
H009_205.fasta	Protein id	Contig id	Start	Stop	Strand	Element symbol	Element name	Scope	Type	Subtype	Class	Subclass	Method	Target length	Reference sequence length	% Coverage of reference	% Identity to reference	Alignment length	Closest reference accession	Closest reference name	HMM accession	HMM description
H009_211.fasta	Protein id	Contig id	Start	Stop	Strand	Element symbol	Element name	Scope	Type	Subtype	Class	Subclass	Method	Target length	Reference sequence length	% Coverage of reference	% Identity to reference	Alignment length	Closest reference accession	Closest reference name	HMM accession	HMM description
H009_213.fasta	Protein id	Contig id	Start	Stop	Strand	Element symbol	Element name	Scope	Type	Subtype	Class	Subclass	Method	Target length	Reference sequence length	% Coverage of reference	% Identity to reference	Alignment length	Closest reference accession	Closest reference name	HMM accession	HMM description
H009_213.fasta	NA	NODE_78_length_8688_cov_154.870342	7029	7799	-	erm(Q)	23S rRNA (adenine(2058)-N(6))-methyltransferase Erm(Q)	core	AMR	AMR	LINCOSAMIDE/MACROLIDE/STREPTOGRAMIN	ERYTHROMYCIN/LINCOSAMIDE/STREPTOGRAMIN	EXACTX	257	257	100.00	100.00	257	WP_007286427.1	23S rRNA (adenine(2058)-N(6))-methyltransferase Erm(Q)	NA	NA
H009_215.fasta	Protein id	Contig id	Start	Stop	Strand	Element symbol	Element name	Scope	Type	Subtype	Class	Subclass	Method	Target length	Reference sequence length	% Coverage of reference	% Identity to reference	Alignment length	Closest reference accession	Closest reference name	HMM accession	HMM description
H009_215.fasta	NA	NODE_66_length_8688_cov_165.762761	7029	7799	-	erm(Q)	23S rRNA (adenine(2058)-N(6))-methyltransferase Erm(Q)	core	AMR	AMR	LINCOSAMIDE/MACROLIDE/STREPTOGRAMIN	ERYTHROMYCIN/LINCOSAMIDE/STREPTOGRAMIN	EXACTX	257	257	100.00	100.00	257	WP_007286427.1	23S rRNA (adenine(2058)-N(6))-methyltransferase Erm(Q)	NA	NA
H009_217.fasta	Protein id	Contig id	Start	Stop	Strand	Element symbol	Element name	Scope	Type	Subtype	Class	Subclass	Method	Target length	Reference sequence length	% Coverage of reference	% Identity to reference	Alignment length	Closest reference accession	Closest reference name	HMM accession	HMM description
H009_218.fasta	Protein id	Contig id	Start	Stop	Strand	Element symbol	Element name	Scope	Type	Subtype	Class	Subclass	Method	Target length	Reference sequence length	% Coverage of reference	% Identity to reference	Alignment length	Closest reference accession	Closest reference name	HMM accession	HMM description
H009_218.fasta	NA	NODE_62_length_8688_cov_186.557412	7029	7799	-	erm(Q)	23S rRNA (adenine(2058)-N(6))-methyltransferase Erm(Q)	core	AMR	AMR	LINCOSAMIDE/MACROLIDE/STREPTOGRAMIN	ERYTHROMYCIN/LINCOSAMIDE/STREPTOGRAMIN	EXACTX	257	257	100.00	100.00	257	WP_007286427.1	23S rRNA (adenine(2058)-N(6))-methyltransferase Erm(Q)	NA	NA
H009_219.fasta	Protein id	Contig id	Start	Stop	Strand	Element symbol	Element name	Scope	Type	Subtype	Class	Subclass	Method	Target length	Reference sequence length	% Coverage of reference	% Identity to reference	Alignment length	Closest reference accession	Closest reference name	HMM accession	HMM description
H009_220.fasta	Protein id	Contig id	Start	Stop	Strand	Element symbol	Element name	Scope	Type	Subtype	Class	Subclass	Method	Target length	Reference sequence length	% Coverage of reference	% Identity to reference	Alignment length	Closest reference accession	Closest reference name	HMM accession	HMM description
H009_220.fasta	NA	NODE_63_length_8688_cov_117.325897	7029	7799	-	erm(Q)	23S rRNA (adenine(2058)-N(6))-methyltransferase Erm(Q)	core	AMR	AMR	LINCOSAMIDE/MACROLIDE/STREPTOGRAMIN	ERYTHROMYCIN/LINCOSAMIDE/STREPTOGRAMIN	EXACTX	257	257	100.00	100.00	257	WP_007286427.1	23S rRNA (adenine(2058)-N(6))-methyltransferase Erm(Q)	NA	NA
H009_221_hybrid.fasta	Protein id	Contig id	Start	Stop	Strand	Element symbol	Element name	Scope	Type	Subtype	Class	Subclass	Method	Target length	Reference sequence length	% Coverage of reference	% Identity to reference	Alignment length	Closest reference accession	Closest reference name	HMM accession	HMM description
H009_221_hybrid.fasta	NA	9	67439	68209	+	erm(Q)	23S rRNA (adenine(2058)-N(6))-methyltransferase Erm(Q)	core	AMR	AMR	LINCOSAMIDE/MACROLIDE/STREPTOGRAMIN	ERYTHROMYCIN/LINCOSAMIDE/STREPTOGRAMIN	EXACTX	257	257	100.00	100.00	257	WP_007286427.1	23S rRNA (adenine(2058)-N(6))-methyltransferase Erm(Q)	NA	NA
H009_228.fasta	Protein id	Contig id	Start	Stop	Strand	Element symbol	Element name	Scope	Type	Subtype	Class	Subclass	Method	Target length	Reference sequence length	% Coverage of reference	% Identity to reference	Alignment length	Closest reference accession	Closest reference name	HMM accession	HMM description
H009_230.fasta	Protein id	Contig id	Start	Stop	Strand	Element symbol	Element name	Scope	Type	Subtype	Class	Subclass	Method	Target length	Reference sequence length	% Coverage of reference	% Identity to reference	Alignment length	Closest reference accession	Closest reference name	HMM accession	HMM description
H009_230.fasta	NA	NODE_1_length_237121_cov_69.559698	37179	37949	-	erm(Q)	23S rRNA (adenine(2058)-N(6))-methyltransferase Erm(Q)	core	AMR	AMR	LINCOSAMIDE/MACROLIDE/STREPTOGRAMIN	ERYTHROMYCIN/LINCOSAMIDE/STREPTOGRAMIN	EXACTX	257	257	100.00	100.00	257	WP_007286427.1	23S rRNA (adenine(2058)-N(6))-methyltransferase Erm(Q)	NA	NA
H009_234.fasta	Protein id	Contig id	Start	Stop	Strand	Element symbol	Element name	Scope	Type	Subtype	Class	Subclass	Method	Target length	Reference sequence length	% Coverage of reference	% Identity to reference	Alignment length	Closest reference accession	Closest reference name	HMM accession	HMM description
H009_234.fasta	NA	NODE_1_length_237121_cov_53.162721	37179	37949	-	erm(Q)	23S rRNA (adenine(2058)-N(6))-methyltransferase Erm(Q)	core	AMR	AMR	LINCOSAMIDE/MACROLIDE/STREPTOGRAMIN	ERYTHROMYCIN/LINCOSAMIDE/STREPTOGRAMIN	EXACTX	257	257	100.00	100.00	257	WP_007286427.1	23S rRNA (adenine(2058)-N(6))-methyltransferase Erm(Q)	NA	NA
H009_236.fasta	Protein id	Contig id	Start	Stop	Strand	Element symbol	Element name	Scope	Type	Subtype	Class	Subclass	Method	Target length	Reference sequence length	% Coverage of reference	% Identity to reference	Alignment length	Closest reference accession	Closest reference name	HMM accession	HMM description
H009_251.fasta	Protein id	Contig id	Start	Stop	Strand	Element symbol	Element name	Scope	Type	Subtype	Class	Subclass	Method	Target length	Reference sequence length	% Coverage of reference	% Identity to reference	Alignment length	Closest reference accession	Closest reference name	HMM accession	HMM description
H009_255.fasta	Protein id	Contig id	Start	Stop	Strand	Element symbol	Element name	Scope	Type	Subtype	Class	Subclass	Method	Target length	Reference sequence length	% Coverage of reference	% Identity to reference	Alignment length	Closest reference accession	Closest reference name	HMM accession	HMM description
H009_256.fasta	Protein id	Contig id	Start	Stop	Strand	Element symbol	Element name	Scope	Type	Subtype	Class	Subclass	Method	Target length	Reference sequence length	% Coverage of reference	% Identity to reference	Alignment length	Closest reference accession	Closest reference name	HMM accession	HMM description
H009_256.fasta	NA	NODE_24_length_32714_cov_43.400988	25652	26422	-	erm(Q)	23S rRNA (adenine(2058)-N(6))-methyltransferase Erm(Q)	core	AMR	AMR	LINCOSAMIDE/MACROLIDE/STREPTOGRAMIN	ERYTHROMYCIN/LINCOSAMIDE/STREPTOGRAMIN	EXACTX	257	257	100.00	100.00	257	WP_007286427.1	23S rRNA (adenine(2058)-N(6))-methyltransferase Erm(Q)	NA	NA
H009_259.fasta	Protein id	Contig id	Start	Stop	Strand	Element symbol	Element name	Scope	Type	Subtype	Class	Subclass	Method	Target length	Reference sequence length	% Coverage of reference	% Identity to reference	Alignment length	Closest reference accession	Closest reference name	HMM accession	HMM description
